{
    "loss": [
        1.2926292419433594,
        1.068773627281189,
        0.9624432325363159,
        0.8688194751739502,
        0.791971743106842,
        0.7155507206916809,
        0.6511979103088379,
        0.5899055600166321,
        0.5471340417861938,
        0.4965750575065613,
        0.44014790654182434,
        0.410999596118927,
        0.37359631061553955,
        0.3375783860683441,
        0.3056141436100006,
        0.2846851348876953,
        0.25135213136672974,
        0.23023711144924164,
        0.1536809802055359,
        0.1352289468050003,
        0.13281480967998505,
        0.11989977210760117,
        0.107472263276577,
        0.10570897907018661,
        0.10418227314949036,
        0.0981646254658699,
        0.08663802593946457,
        0.08901935815811157,
        0.07713821530342102,
        0.07855616509914398,
        0.0734277293086052,
        0.06788481771945953,
        0.06761655956506729,
        0.0641835406422615,
        0.059224389493465424,
        0.05312095955014229,
        0.05621056631207466,
        0.050488464534282684,
        0.0501529760658741,
        0.04886393994092941,
        0.045229535549879074,
        0.04344286024570465,
        0.04546628147363663,
        0.04248572140932083,
        0.037929702550172806,
        0.04146089404821396,
        0.03962656483054161,
        0.03485216572880745,
        0.03870077431201935,
        0.037507735192775726
    ],
    "accuracy": [
        0.4721745550632477,
        0.5666829943656921,
        0.6171855926513672,
        0.6577592492103577,
        0.6898749470710754,
        0.7184358835220337,
        0.7528806328773499,
        0.7718803882598877,
        0.7886736989021301,
        0.815028190612793,
        0.8321892619132996,
        0.8472664952278137,
        0.8652856349945068,
        0.8750919103622437,
        0.8852660059928894,
        0.8969110250473022,
        0.9108850359916687,
        0.9187300801277161,
        0.9530522227287292,
        0.9574650526046753,
        0.9577102065086365,
        0.9624907970428467,
        0.9672713875770569,
        0.9673939943313599,
        0.9670262336730957,
        0.9698455333709717,
        0.9764648079872131,
        0.9747487306594849,
        0.9798970222473145,
        0.9764648079872131,
        0.9786712527275085,
        0.9818583130836487,
        0.9801421761512756,
        0.9832066893577576,
        0.9843098521232605,
        0.9860259890556335,
        0.9850453734397888,
        0.9871292114257812,
        0.9886001348495483,
        0.9872517585754395,
        0.9877420663833618,
        0.9899485111236572,
        0.988232433795929,
        0.989703357219696,
        0.9927678108215332,
        0.989825963973999,
        0.9899485111236572,
        0.9924001097679138,
        0.9921549558639526,
        0.9911742806434631
    ],
    "val_loss": [
        1.0167070627212524,
        0.9011096358299255,
        0.7643933296203613,
        0.8058281540870667,
        0.6875279545783997,
        0.606759250164032,
        0.7508471608161926,
        0.5393733978271484,
        0.45640039443969727,
        0.8319860696792603,
        1.1293224096298218,
        0.37085187435150146,
        0.609119176864624,
        0.34379249811172485,
        0.39229467511177063,
        0.37476786971092224,
        0.6961085796356201,
        0.45504558086395264,
        0.15792427957057953,
        0.15969470143318176,
        0.14462269842624664,
        0.15905539691448212,
        0.1432640552520752,
        0.13857874274253845,
        0.13202445209026337,
        0.11851261556148529,
        0.130044087767601,
        0.1473856419324875,
        0.1319425255060196,
        0.11574500799179077,
        0.14169441163539886,
        0.13055011630058289,
        0.12989173829555511,
        0.13286326825618744,
        0.10344693064689636,
        0.09949375689029694,
        0.10492830723524094,
        0.10756733268499374,
        0.12538976967334747,
        0.11115939170122147,
        0.09726858139038086,
        0.09225761145353317,
        0.09938768297433853,
        0.09906791895627975,
        0.11183755844831467,
        0.08926226198673248,
        0.10210239142179489,
        0.09525813162326813,
        0.09149619191884995,
        0.08740774542093277
    ],
    "val_accuracy": [
        0.5950980186462402,
        0.6499999761581421,
        0.6931372284889221,
        0.6598039269447327,
        0.7107843160629272,
        0.7745097875595093,
        0.7225490212440491,
        0.8098039031028748,
        0.8323529362678528,
        0.7098039388656616,
        0.6196078658103943,
        0.8696078658103943,
        0.7735294103622437,
        0.8686274290084839,
        0.8578431606292725,
        0.8519607782363892,
        0.7754902243614197,
        0.8196078538894653,
        0.9441176652908325,
        0.9343137145042419,
        0.9509803652763367,
        0.9450980424880981,
        0.954901933670044,
        0.9490196108818054,
        0.9578431248664856,
        0.95686274766922,
        0.949999988079071,
        0.9480392336845398,
        0.949999988079071,
        0.95686274766922,
        0.9539215564727783,
        0.95686274766922,
        0.954901933670044,
        0.9539215564727783,
        0.9627450704574585,
        0.9656862616539001,
        0.9676470756530762,
        0.9627450704574585,
        0.9558823704719543,
        0.9617646932601929,
        0.9656862616539001,
        0.9656862616539001,
        0.9686274528503418,
        0.9627450704574585,
        0.9647058844566345,
        0.9725490212440491,
        0.9627450704574585,
        0.9666666388511658,
        0.9656862616539001,
        0.970588207244873
    ],
    "lr": [
        9.999999747378752e-05,
        9.999999747378752e-05,
        9.999999747378752e-05,
        9.999999747378752e-05,
        9.999999747378752e-05,
        9.999999747378752e-05,
        9.999999747378752e-05,
        9.999999747378752e-05,
        9.999999747378752e-05,
        9.999999747378752e-05,
        9.999999747378752e-05,
        9.999999747378752e-05,
        9.999999747378752e-05,
        9.999999747378752e-05,
        9.999999747378752e-05,
        9.999999747378752e-05,
        9.999999747378752e-05,
        9.999999747378752e-05,
        1.9999999494757503e-05,
        1.9999999494757503e-05,
        1.9999999494757503e-05,
        1.9999999494757503e-05,
        1.9999999494757503e-05,
        1.9999999494757503e-05,
        1.9999999494757503e-05,
        1.9999999494757503e-05,
        1.9999999494757503e-05,
        1.9999999494757503e-05,
        1.9999999494757503e-05,
        1.9999999494757503e-05,
        1.9999999494757503e-05,
        1.9999999494757503e-05,
        1.9999999494757503e-05,
        1.9999999494757503e-05,
        9.999999747378752e-06,
        9.999999747378752e-06,
        9.999999747378752e-06,
        9.999999747378752e-06,
        9.999999747378752e-06,
        9.999999747378752e-06,
        9.999999747378752e-06,
        9.999999747378752e-06,
        9.999999747378752e-06,
        9.999999747378752e-06,
        9.999999747378752e-06,
        9.999999747378752e-06,
        9.999999747378752e-06,
        9.999999747378752e-06,
        9.999999747378752e-06,
        9.999999747378752e-06
    ]
}