{
    "loss": [
        1.8914293050765991,
        1.334346890449524,
        1.1770460605621338,
        1.055998682975769,
        0.9635114669799805,
        0.8778183460235596,
        0.7847963571548462,
        0.7189045548439026,
        0.6430777311325073,
        0.5900720953941345,
        0.5331635475158691,
        0.48093631863594055,
        0.4274604916572571,
        0.3828624188899994,
        0.32643747329711914,
        0.2925250828266144,
        0.23019780218601227,
        0.20241513848304749,
        0.1964333951473236,
        0.18271733820438385,
        0.1629798859357834,
        0.1583990901708603,
        0.16099928319454193,
        0.15237854421138763,
        0.13574868440628052,
        0.13078804314136505,
        0.12632647156715393,
        0.11752090603113174,
        0.11635424196720123,
        0.1081182137131691,
        0.09830355644226074,
        0.09900090098381042,
        0.0906393975019455
    ],
    "accuracy": [
        0.3472664952278137,
        0.446065217256546,
        0.522186815738678,
        0.5692571997642517,
        0.6137533783912659,
        0.6467271447181702,
        0.6852169632911682,
        0.7226035594940186,
        0.7431968450546265,
        0.7646481990814209,
        0.7862221002578735,
        0.8153959512710571,
        0.8373375535011292,
        0.8514341711997986,
        0.8736209869384766,
        0.8906594514846802,
        0.91431725025177,
        0.9287815690040588,
        0.9271880388259888,
        0.9338073134422302,
        0.9416523575782776,
        0.9421426653862,
        0.9411620497703552,
        0.9441039562225342,
        0.9530522227287292,
        0.9532973766326904,
        0.955626368522644,
        0.9588134288787842,
        0.9582005143165588,
        0.9616327285766602,
        0.967639148235321,
        0.9658004641532898,
        0.9691100716590881
    ],
    "val_loss": [
        5.0027899742126465,
        7.078080177307129,
        4.352233409881592,
        2.565823554992676,
        2.3987648487091064,
        0.8292882442474365,
        0.9468796253204346,
        0.6871741414070129,
        0.9812332987785339,
        0.6856225728988647,
        0.6032443642616272,
        0.5716346502304077,
        0.6335207223892212,
        0.6246705055236816,
        0.5731435418128967,
        0.7593489289283752,
        0.7284555435180664,
        0.5485459566116333,
        0.5455149412155151,
        0.506797730922699,
        0.5326955914497375,
        0.46480387449264526,
        0.5505256056785583,
        0.614335298538208,
        0.40945863723754883,
        0.6506283283233643,
        0.6270641684532166,
        0.4886443316936493,
        0.4769369065761566,
        0.6291385293006897,
        0.5095029473304749,
        0.4924596846103668,
        0.46455150842666626
    ],
    "val_accuracy": [
        0.20490196347236633,
        0.20490196347236633,
        0.250980406999588,
        0.3019607961177826,
        0.35196077823638916,
        0.6833333373069763,
        0.6705882549285889,
        0.7333333492279053,
        0.6803921461105347,
        0.7401960492134094,
        0.779411792755127,
        0.7852941155433655,
        0.7941176295280457,
        0.7980391979217529,
        0.8186274766921997,
        0.7774509787559509,
        0.8156862854957581,
        0.8401960730552673,
        0.8372548818588257,
        0.841176450252533,
        0.8470588326454163,
        0.8568627238273621,
        0.8372548818588257,
        0.8392156958580017,
        0.8735294342041016,
        0.841176450252533,
        0.8421568870544434,
        0.8568627238273621,
        0.8539215922355652,
        0.8421568870544434,
        0.8529411554336548,
        0.8617647290229797,
        0.8676470518112183
    ],
    "lr": [
        9.999999747378752e-05,
        9.999999747378752e-05,
        9.999999747378752e-05,
        9.999999747378752e-05,
        9.999999747378752e-05,
        9.999999747378752e-05,
        9.999999747378752e-05,
        9.999999747378752e-05,
        9.999999747378752e-05,
        9.999999747378752e-05,
        9.999999747378752e-05,
        9.999999747378752e-05,
        9.999999747378752e-05,
        9.999999747378752e-05,
        9.999999747378752e-05,
        9.999999747378752e-05,
        1.9999999494757503e-05,
        1.9999999494757503e-05,
        1.9999999494757503e-05,
        1.9999999494757503e-05,
        1.9999999494757503e-05,
        1.9999999494757503e-05,
        1.9999999494757503e-05,
        1.9999999494757503e-05,
        1.9999999494757503e-05,
        1.9999999494757503e-05,
        1.9999999494757503e-05,
        1.9999999494757503e-05,
        1.9999999494757503e-05,
        9.999999747378752e-06,
        9.999999747378752e-06,
        9.999999747378752e-06,
        9.999999747378752e-06
    ]
}