{
    "loss": [
        2.3123691082000732,
        1.3211250305175781,
        1.1830952167510986,
        1.1070516109466553,
        1.0275559425354004,
        0.9608989953994751,
        0.9163817167282104,
        0.8838691711425781,
        0.8156154155731201,
        0.785467803478241,
        0.7461203336715698,
        0.7105382084846497,
        0.6787170767784119,
        0.6382297277450562,
        0.6033704280853271,
        0.5957460999488831,
        0.575563371181488,
        0.5169495940208435,
        0.5158951878547668,
        0.46961483359336853,
        0.4491892457008362,
        0.4403398633003235,
        0.40767061710357666,
        0.38402849435806274,
        0.36979028582572937,
        0.33625438809394836,
        0.32622596621513367,
        0.30851975083351135,
        0.2749556303024292,
        0.2679223120212555,
        0.26622238755226135,
        0.2499324083328247,
        0.23618437349796295,
        0.21867918968200684,
        0.1969122737646103,
        0.1537550985813141,
        0.14203454554080963,
        0.1416943371295929,
        0.13699355721473694,
        0.12767763435840607,
        0.11974500119686127,
        0.12471751868724823,
        0.10912930220365524,
        0.10572108626365662,
        0.10920250415802002,
        0.10366502404212952,
        0.10022030770778656,
        0.0993245542049408,
        0.09895127266645432,
        0.09841430932283401
    ],
    "accuracy": [
        0.35443365573883057,
        0.4497087299823761,
        0.511456310749054,
        0.5417475700378418,
        0.5768284797668457,
        0.6028478741645813,
        0.6280906200408936,
        0.6431068181991577,
        0.666148841381073,
        0.6828479170799255,
        0.7012297511100769,
        0.7122330069541931,
        0.7255663275718689,
        0.7414886951446533,
        0.7568932175636292,
        0.7620711922645569,
        0.7642718553543091,
        0.7922329902648926,
        0.7915857434272766,
        0.8150162100791931,
        0.8174757361412048,
        0.8247249126434326,
        0.8370226621627808,
        0.8475080728530884,
        0.8526861071586609,
        0.8674433827400208,
        0.8737863898277283,
        0.8801294565200806,
        0.8933333158493042,
        0.8926860690116882,
        0.8957929015159607,
        0.9039482474327087,
        0.9074433445930481,
        0.9184466004371643,
        0.924919068813324,
        0.9453721642494202,
        0.9486083984375,
        0.9464077949523926,
        0.9493851065635681,
        0.952621340751648,
        0.9581876993179321,
        0.9522330164909363,
        0.9605178236961365,
        0.9629773497581482,
        0.963495135307312,
        0.9632362723350525,
        0.9637540578842163,
        0.9633656740188599,
        0.966213583946228,
        0.9650485515594482
    ],
    "val_loss": [
        4.747097492218018,
        8.782362937927246,
        7.458247184753418,
        3.256802558898926,
        1.7893978357315063,
        0.9463818073272705,
        0.7926912307739258,
        0.7570350170135498,
        0.7026668190956116,
        0.6594488620758057,
        0.6277632117271423,
        0.60170978307724,
        0.5783752799034119,
        0.6319453716278076,
        0.5857556462287903,
        0.7308815717697144,
        0.5743614435195923,
        0.5287708640098572,
        0.4919314980506897,
        0.4873385429382324,
        0.5111268162727356,
        0.5590757727622986,
        0.5475015640258789,
        0.4545349180698395,
        0.6754456162452698,
        0.39887675642967224,
        0.4487222731113434,
        0.3809249699115753,
        0.3705795109272003,
        0.5648742914199829,
        0.32602930068969727,
        0.4523884356021881,
        0.36515867710113525,
        0.349683552980423,
        0.568987250328064,
        0.3200606107711792,
        0.3013343811035156,
        0.2962148189544678,
        0.3066258132457733,
        0.34003376960754395,
        0.33027583360671997,
        0.38437169790267944,
        0.30115264654159546,
        0.2961665689945221,
        0.3073400855064392,
        0.32206714153289795,
        0.3787313997745514,
        0.2902054786682129,
        0.3132508397102356,
        0.31698158383369446
    ],
    "val_accuracy": [
        0.15838509798049927,
        0.21221531927585602,
        0.21221531927585602,
        0.21635611355304718,
        0.3685300350189209,
        0.6138716340065002,
        0.6770186424255371,
        0.6966874003410339,
        0.7091097235679626,
        0.7349896430969238,
        0.7484471797943115,
        0.7701863646507263,
        0.7567287683486938,
        0.7432712316513062,
        0.7722567319869995,
        0.7277432680130005,
        0.7774327397346497,
        0.7898550629615784,
        0.8105590343475342,
        0.8115941882133484,
        0.8033125996589661,
        0.805383026599884,
        0.7908902764320374,
        0.8260869383811951,
        0.7670807242393494,
        0.8488612771034241,
        0.8447204828262329,
        0.8561076521873474,
        0.8633540272712708,
        0.8115941882133484,
        0.8809523582458496,
        0.8385093212127686,
        0.8602484464645386,
        0.8861283659934998,
        0.8136646151542664,
        0.8964803218841553,
        0.9089027047157288,
        0.9026914834976196,
        0.9006211161613464,
        0.8902691602706909,
        0.8944099545478821,
        0.8788819909095764,
        0.9078674912452698,
        0.9037266969680786,
        0.910973072052002,
        0.9068322777748108,
        0.8871635794639587,
        0.910973072052002,
        0.9047619104385376,
        0.8964803218841553
    ],
    "lr": [
        9.999999747378752e-05,
        9.999999747378752e-05,
        9.999999747378752e-05,
        9.999999747378752e-05,
        9.999999747378752e-05,
        9.999999747378752e-05,
        9.999999747378752e-05,
        9.999999747378752e-05,
        9.999999747378752e-05,
        9.999999747378752e-05,
        9.999999747378752e-05,
        9.999999747378752e-05,
        9.999999747378752e-05,
        9.999999747378752e-05,
        9.999999747378752e-05,
        9.999999747378752e-05,
        9.999999747378752e-05,
        9.999999747378752e-05,
        9.999999747378752e-05,
        9.999999747378752e-05,
        9.999999747378752e-05,
        9.999999747378752e-05,
        9.999999747378752e-05,
        9.999999747378752e-05,
        9.999999747378752e-05,
        9.999999747378752e-05,
        9.999999747378752e-05,
        9.999999747378752e-05,
        9.999999747378752e-05,
        9.999999747378752e-05,
        9.999999747378752e-05,
        9.999999747378752e-05,
        9.999999747378752e-05,
        9.999999747378752e-05,
        9.999999747378752e-05,
        1.9999999494757503e-05,
        1.9999999494757503e-05,
        1.9999999494757503e-05,
        1.9999999494757503e-05,
        1.9999999494757503e-05,
        1.9999999494757503e-05,
        1.9999999494757503e-05,
        9.999999747378752e-06,
        9.999999747378752e-06,
        9.999999747378752e-06,
        9.999999747378752e-06,
        9.999999747378752e-06,
        9.999999747378752e-06,
        9.999999747378752e-06,
        9.999999747378752e-06
    ]
}