{
    "loss": [
        1.3657392263412476,
        1.1415992975234985,
        1.0637294054031372,
        0.9918789267539978,
        0.9189907908439636,
        0.8548275828361511,
        0.8368407487869263,
        0.7784021496772766,
        0.7561154365539551,
        0.7331827878952026,
        0.7111616730690002,
        0.6880916953086853,
        0.6630791425704956,
        0.6475154757499695,
        0.6273519992828369,
        0.5836902260780334,
        0.5903213024139404,
        0.5598350167274475,
        0.5520917773246765,
        0.5424455404281616,
        0.5524272918701172,
        0.5171522498130798,
        0.5117886662483215,
        0.5077112913131714,
        0.48602819442749023,
        0.48735442757606506,
        0.47181400656700134,
        0.47755128145217896,
        0.43817323446273804,
        0.4578494429588318,
        0.44458019733428955,
        0.4186556339263916,
        0.4199415147304535,
        0.4423563778400421,
        0.40657198429107666,
        0.4077375829219818,
        0.3955826461315155,
        0.38333314657211304,
        0.3984769284725189,
        0.4062083959579468,
        0.37900838255882263,
        0.3688514828681946,
        0.38494279980659485,
        0.3682858347892761,
        0.36346516013145447,
        0.34961792826652527,
        0.348725825548172,
        0.34499070048332214,
        0.35577380657196045,
        0.3448939025402069
    ],
    "accuracy": [
        0.4425104260444641,
        0.5330963730812073,
        0.5698700547218323,
        0.6046825051307678,
        0.6376562714576721,
        0.6679333448410034,
        0.673081636428833,
        0.6962490677833557,
        0.7055650949478149,
        0.7192939519882202,
        0.7273841500282288,
        0.7329002022743225,
        0.7471193671226501,
        0.7518999576568604,
        0.766241729259491,
        0.7793576717376709,
        0.7738416194915771,
        0.7848737239837646,
        0.794557511806488,
        0.7868350148200989,
        0.7907575368881226,
        0.8050993084907532,
        0.8091443777084351,
        0.812086284160614,
        0.816621720790863,
        0.8233635425567627,
        0.8293699622154236,
        0.8214023113250732,
        0.8319441080093384,
        0.8274086713790894,
        0.8332924842834473,
        0.8456729650497437,
        0.8430988192558289,
        0.8381956219673157,
        0.8508212566375732,
        0.846285879611969,
        0.8541309237480164,
        0.8587889075279236,
        0.8587889075279236,
        0.8482471108436584,
        0.8606275916099548,
        0.8650404214859009,
        0.8598921298980713,
        0.8660210967063904,
        0.8692081570625305,
        0.8720274567604065,
        0.8700661659240723,
        0.8747242093086243,
        0.8692081570625305,
        0.8731306791305542
    ],
    "val_loss": [
        1.3542593717575073,
        1.2749420404434204,
        0.8132679462432861,
        1.5862839221954346,
        0.8887484073638916,
        0.979185163974762,
        0.7294160723686218,
        0.7689330577850342,
        0.7954660654067993,
        0.6797159314155579,
        0.533126175403595,
        1.0002681016921997,
        0.8205559253692627,
        0.8132885098457336,
        0.6416203379631042,
        1.0649641752243042,
        0.7153727412223816,
        0.5892093181610107,
        0.48359033465385437,
        0.5151643753051758,
        0.614762544631958,
        0.7795531749725342,
        0.7063620090484619,
        0.6291671991348267,
        0.3942563533782959,
        0.9026378393173218,
        1.7535197734832764,
        0.7295613884925842,
        0.7370746731758118,
        0.8729914426803589,
        0.7115734815597534,
        1.0909913778305054,
        0.47934436798095703,
        0.5377962589263916,
        0.35849353671073914,
        2.753506898880005,
        0.3855752944946289,
        0.3970268964767456,
        0.3358387053012848,
        1.364936351776123,
        0.8429368138313293,
        0.823885977268219,
        0.6494706273078918,
        0.4611102342605591,
        0.646327555179596,
        0.4692979156970978,
        0.4735082983970642,
        1.269798755645752,
        0.48358815908432007,
        0.3834109604358673
    ],
    "val_accuracy": [
        0.4735293984413147,
        0.5,
        0.6882352828979492,
        0.5107843279838562,
        0.6529411673545837,
        0.6176470518112183,
        0.7245097756385803,
        0.6980392336845398,
        0.7401960492134094,
        0.7470588088035583,
        0.8068627715110779,
        0.6990196108818054,
        0.704901933670044,
        0.770588219165802,
        0.7745097875595093,
        0.7352941036224365,
        0.779411792755127,
        0.7970588207244873,
        0.8372548818588257,
        0.8166666626930237,
        0.7980391979217529,
        0.795098066329956,
        0.7598039507865906,
        0.8117647171020508,
        0.8774510025978088,
        0.7490196228027344,
        0.6499999761581421,
        0.7941176295280457,
        0.8107843399047852,
        0.7450980544090271,
        0.8156862854957581,
        0.7421568632125854,
        0.8568627238273621,
        0.8705882430076599,
        0.8852941393852234,
        0.6049019694328308,
        0.9078431129455566,
        0.8882352709770203,
        0.9058823585510254,
        0.7421568632125854,
        0.79313725233078,
        0.843137264251709,
        0.9029411673545837,
        0.8735294342041016,
        0.8490195870399475,
        0.886274516582489,
        0.8882352709770203,
        0.8333333134651184,
        0.8774510025978088,
        0.9039215445518494
    ]
}